Date,DateKey,Year,Month,MonthName,Quarter,Weekday
2009-12-01,20091201,2009,12,December,4,Tuesday
2009-12-02,20091202,2009,12,December,4,Wednesday
2009-12-03,20091203,2009,12,December,4,Thursday
2009-12-04,20091204,2009,12,December,4,Friday
2009-12-05,20091205,2009,12,December,4,Saturday
2009-12-06,20091206,2009,12,December,4,Sunday
2009-12-07,20091207,2009,12,December,4,Monday
2009-12-08,20091208,2009,12,December,4,Tuesday
2009-12-09,20091209,2009,12,December,4,Wednesday
2009-12-10,20091210,2009,12,December,4,Thursday
2009-12-11,20091211,2009,12,December,4,Friday
2009-12-12,20091212,2009,12,December,4,Saturday
2009-12-13,20091213,2009,12,December,4,Sunday
2009-12-14,20091214,2009,12,December,4,Monday
2009-12-15,20091215,2009,12,December,4,Tuesday
2009-12-16,20091216,2009,12,December,4,Wednesday
2009-12-17,20091217,2009,12,December,4,Thursday
2009-12-18,20091218,2009,12,December,4,Friday
2009-12-19,20091219,2009,12,December,4,Saturday
2009-12-20,20091220,2009,12,December,4,Sunday
2009-12-21,20091221,2009,12,December,4,Monday
2009-12-22,20091222,2009,12,December,4,Tuesday
2009-12-23,20091223,2009,12,December,4,Wednesday
2009-12-24,20091224,2009,12,December,4,Thursday
2009-12-25,20091225,2009,12,December,4,Friday
2009-12-26,20091226,2009,12,December,4,Saturday
2009-12-27,20091227,2009,12,December,4,Sunday
2009-12-28,20091228,2009,12,December,4,Monday
2009-12-29,20091229,2009,12,December,4,Tuesday
2009-12-30,20091230,2009,12,December,4,Wednesday
2009-12-31,20091231,2009,12,December,4,Thursday
2010-01-01,20100101,2010,1,January,1,Friday
2010-01-02,20100102,2010,1,January,1,Saturday
2010-01-03,20100103,2010,1,January,1,Sunday
2010-01-04,20100104,2010,1,January,1,Monday
2010-01-05,20100105,2010,1,January,1,Tuesday
2010-01-06,20100106,2010,1,January,1,Wednesday
2010-01-07,20100107,2010,1,January,1,Thursday
2010-01-08,20100108,2010,1,January,1,Friday
2010-01-09,20100109,2010,1,January,1,Saturday
2010-01-10,20100110,2010,1,January,1,Sunday
2010-01-11,20100111,2010,1,January,1,Monday
2010-01-12,20100112,2010,1,January,1,Tuesday
2010-01-13,20100113,2010,1,January,1,Wednesday
2010-01-14,20100114,2010,1,January,1,Thursday
2010-01-15,20100115,2010,1,January,1,Friday
2010-01-16,20100116,2010,1,January,1,Saturday
2010-01-17,20100117,2010,1,January,1,Sunday
2010-01-18,20100118,2010,1,January,1,Monday
2010-01-19,20100119,2010,1,January,1,Tuesday
2010-01-20,20100120,2010,1,January,1,Wednesday
2010-01-21,20100121,2010,1,January,1,Thursday
2010-01-22,20100122,2010,1,January,1,Friday
2010-01-23,20100123,2010,1,January,1,Saturday
2010-01-24,20100124,2010,1,January,1,Sunday
2010-01-25,20100125,2010,1,January,1,Monday
2010-01-26,20100126,2010,1,January,1,Tuesday
2010-01-27,20100127,2010,1,January,1,Wednesday
2010-01-28,20100128,2010,1,January,1,Thursday
2010-01-29,20100129,2010,1,January,1,Friday
2010-01-30,20100130,2010,1,January,1,Saturday
2010-01-31,20100131,2010,1,January,1,Sunday
2010-02-01,20100201,2010,2,February,1,Monday
2010-02-02,20100202,2010,2,February,1,Tuesday
2010-02-03,20100203,2010,2,February,1,Wednesday
2010-02-04,20100204,2010,2,February,1,Thursday
2010-02-05,20100205,2010,2,February,1,Friday
2010-02-06,20100206,2010,2,February,1,Saturday
2010-02-07,20100207,2010,2,February,1,Sunday
2010-02-08,20100208,2010,2,February,1,Monday
2010-02-09,20100209,2010,2,February,1,Tuesday
2010-02-10,20100210,2010,2,February,1,Wednesday
2010-02-11,20100211,2010,2,February,1,Thursday
2010-02-12,20100212,2010,2,February,1,Friday
2010-02-13,20100213,2010,2,February,1,Saturday
2010-02-14,20100214,2010,2,February,1,Sunday
2010-02-15,20100215,2010,2,February,1,Monday
2010-02-16,20100216,2010,2,February,1,Tuesday
2010-02-17,20100217,2010,2,February,1,Wednesday
2010-02-18,20100218,2010,2,February,1,Thursday
2010-02-19,20100219,2010,2,February,1,Friday
2010-02-20,20100220,2010,2,February,1,Saturday
2010-02-21,20100221,2010,2,February,1,Sunday
2010-02-22,20100222,2010,2,February,1,Monday
2010-02-23,20100223,2010,2,February,1,Tuesday
2010-02-24,20100224,2010,2,February,1,Wednesday
2010-02-25,20100225,2010,2,February,1,Thursday
2010-02-26,20100226,2010,2,February,1,Friday
2010-02-27,20100227,2010,2,February,1,Saturday
2010-02-28,20100228,2010,2,February,1,Sunday
2010-03-01,20100301,2010,3,March,1,Monday
2010-03-02,20100302,2010,3,March,1,Tuesday
2010-03-03,20100303,2010,3,March,1,Wednesday
2010-03-04,20100304,2010,3,March,1,Thursday
2010-03-05,20100305,2010,3,March,1,Friday
2010-03-06,20100306,2010,3,March,1,Saturday
2010-03-07,20100307,2010,3,March,1,Sunday
2010-03-08,20100308,2010,3,March,1,Monday
2010-03-09,20100309,2010,3,March,1,Tuesday
2010-03-10,20100310,2010,3,March,1,Wednesday
2010-03-11,20100311,2010,3,March,1,Thursday
2010-03-12,20100312,2010,3,March,1,Friday
2010-03-13,20100313,2010,3,March,1,Saturday
2010-03-14,20100314,2010,3,March,1,Sunday
2010-03-15,20100315,2010,3,March,1,Monday
2010-03-16,20100316,2010,3,March,1,Tuesday
2010-03-17,20100317,2010,3,March,1,Wednesday
2010-03-18,20100318,2010,3,March,1,Thursday
2010-03-19,20100319,2010,3,March,1,Friday
2010-03-20,20100320,2010,3,March,1,Saturday
2010-03-21,20100321,2010,3,March,1,Sunday
2010-03-22,20100322,2010,3,March,1,Monday
2010-03-23,20100323,2010,3,March,1,Tuesday
2010-03-24,20100324,2010,3,March,1,Wednesday
2010-03-25,20100325,2010,3,March,1,Thursday
2010-03-26,20100326,2010,3,March,1,Friday
2010-03-27,20100327,2010,3,March,1,Saturday
2010-03-28,20100328,2010,3,March,1,Sunday
2010-03-29,20100329,2010,3,March,1,Monday
2010-03-30,20100330,2010,3,March,1,Tuesday
2010-03-31,20100331,2010,3,March,1,Wednesday
2010-04-01,20100401,2010,4,April,2,Thursday
2010-04-02,20100402,2010,4,April,2,Friday
2010-04-03,20100403,2010,4,April,2,Saturday
2010-04-04,20100404,2010,4,April,2,Sunday
2010-04-05,20100405,2010,4,April,2,Monday
2010-04-06,20100406,2010,4,April,2,Tuesday
2010-04-07,20100407,2010,4,April,2,Wednesday
2010-04-08,20100408,2010,4,April,2,Thursday
2010-04-09,20100409,2010,4,April,2,Friday
2010-04-10,20100410,2010,4,April,2,Saturday
2010-04-11,20100411,2010,4,April,2,Sunday
2010-04-12,20100412,2010,4,April,2,Monday
2010-04-13,20100413,2010,4,April,2,Tuesday
2010-04-14,20100414,2010,4,April,2,Wednesday
2010-04-15,20100415,2010,4,April,2,Thursday
2010-04-16,20100416,2010,4,April,2,Friday
2010-04-17,20100417,2010,4,April,2,Saturday
2010-04-18,20100418,2010,4,April,2,Sunday
2010-04-19,20100419,2010,4,April,2,Monday
2010-04-20,20100420,2010,4,April,2,Tuesday
2010-04-21,20100421,2010,4,April,2,Wednesday
2010-04-22,20100422,2010,4,April,2,Thursday
2010-04-23,20100423,2010,4,April,2,Friday
2010-04-24,20100424,2010,4,April,2,Saturday
2010-04-25,20100425,2010,4,April,2,Sunday
2010-04-26,20100426,2010,4,April,2,Monday
2010-04-27,20100427,2010,4,April,2,Tuesday
2010-04-28,20100428,2010,4,April,2,Wednesday
2010-04-29,20100429,2010,4,April,2,Thursday
2010-04-30,20100430,2010,4,April,2,Friday
2010-05-01,20100501,2010,5,May,2,Saturday
2010-05-02,20100502,2010,5,May,2,Sunday
2010-05-03,20100503,2010,5,May,2,Monday
2010-05-04,20100504,2010,5,May,2,Tuesday
2010-05-05,20100505,2010,5,May,2,Wednesday
2010-05-06,20100506,2010,5,May,2,Thursday
2010-05-07,20100507,2010,5,May,2,Friday
2010-05-08,20100508,2010,5,May,2,Saturday
2010-05-09,20100509,2010,5,May,2,Sunday
2010-05-10,20100510,2010,5,May,2,Monday
2010-05-11,20100511,2010,5,May,2,Tuesday
2010-05-12,20100512,2010,5,May,2,Wednesday
2010-05-13,20100513,2010,5,May,2,Thursday
2010-05-14,20100514,2010,5,May,2,Friday
2010-05-15,20100515,2010,5,May,2,Saturday
2010-05-16,20100516,2010,5,May,2,Sunday
2010-05-17,20100517,2010,5,May,2,Monday
2010-05-18,20100518,2010,5,May,2,Tuesday
2010-05-19,20100519,2010,5,May,2,Wednesday
2010-05-20,20100520,2010,5,May,2,Thursday
2010-05-21,20100521,2010,5,May,2,Friday
2010-05-22,20100522,2010,5,May,2,Saturday
2010-05-23,20100523,2010,5,May,2,Sunday
2010-05-24,20100524,2010,5,May,2,Monday
2010-05-25,20100525,2010,5,May,2,Tuesday
2010-05-26,20100526,2010,5,May,2,Wednesday
2010-05-27,20100527,2010,5,May,2,Thursday
2010-05-28,20100528,2010,5,May,2,Friday
2010-05-29,20100529,2010,5,May,2,Saturday
2010-05-30,20100530,2010,5,May,2,Sunday
2010-05-31,20100531,2010,5,May,2,Monday
2010-06-01,20100601,2010,6,June,2,Tuesday
2010-06-02,20100602,2010,6,June,2,Wednesday
2010-06-03,20100603,2010,6,June,2,Thursday
2010-06-04,20100604,2010,6,June,2,Friday
2010-06-05,20100605,2010,6,June,2,Saturday
2010-06-06,20100606,2010,6,June,2,Sunday
2010-06-07,20100607,2010,6,June,2,Monday
2010-06-08,20100608,2010,6,June,2,Tuesday
2010-06-09,20100609,2010,6,June,2,Wednesday
2010-06-10,20100610,2010,6,June,2,Thursday
2010-06-11,20100611,2010,6,June,2,Friday
2010-06-12,20100612,2010,6,June,2,Saturday
2010-06-13,20100613,2010,6,June,2,Sunday
2010-06-14,20100614,2010,6,June,2,Monday
2010-06-15,20100615,2010,6,June,2,Tuesday
2010-06-16,20100616,2010,6,June,2,Wednesday
2010-06-17,20100617,2010,6,June,2,Thursday
2010-06-18,20100618,2010,6,June,2,Friday
2010-06-19,20100619,2010,6,June,2,Saturday
2010-06-20,20100620,2010,6,June,2,Sunday
2010-06-21,20100621,2010,6,June,2,Monday
2010-06-22,20100622,2010,6,June,2,Tuesday
2010-06-23,20100623,2010,6,June,2,Wednesday
2010-06-24,20100624,2010,6,June,2,Thursday
2010-06-25,20100625,2010,6,June,2,Friday
2010-06-26,20100626,2010,6,June,2,Saturday
2010-06-27,20100627,2010,6,June,2,Sunday
2010-06-28,20100628,2010,6,June,2,Monday
2010-06-29,20100629,2010,6,June,2,Tuesday
2010-06-30,20100630,2010,6,June,2,Wednesday
2010-07-01,20100701,2010,7,July,3,Thursday
2010-07-02,20100702,2010,7,July,3,Friday
2010-07-03,20100703,2010,7,July,3,Saturday
2010-07-04,20100704,2010,7,July,3,Sunday
2010-07-05,20100705,2010,7,July,3,Monday
2010-07-06,20100706,2010,7,July,3,Tuesday
2010-07-07,20100707,2010,7,July,3,Wednesday
2010-07-08,20100708,2010,7,July,3,Thursday
2010-07-09,20100709,2010,7,July,3,Friday
2010-07-10,20100710,2010,7,July,3,Saturday
2010-07-11,20100711,2010,7,July,3,Sunday
2010-07-12,20100712,2010,7,July,3,Monday
2010-07-13,20100713,2010,7,July,3,Tuesday
2010-07-14,20100714,2010,7,July,3,Wednesday
2010-07-15,20100715,2010,7,July,3,Thursday
2010-07-16,20100716,2010,7,July,3,Friday
2010-07-17,20100717,2010,7,July,3,Saturday
2010-07-18,20100718,2010,7,July,3,Sunday
2010-07-19,20100719,2010,7,July,3,Monday
2010-07-20,20100720,2010,7,July,3,Tuesday
2010-07-21,20100721,2010,7,July,3,Wednesday
2010-07-22,20100722,2010,7,July,3,Thursday
2010-07-23,20100723,2010,7,July,3,Friday
2010-07-24,20100724,2010,7,July,3,Saturday
2010-07-25,20100725,2010,7,July,3,Sunday
2010-07-26,20100726,2010,7,July,3,Monday
2010-07-27,20100727,2010,7,July,3,Tuesday
2010-07-28,20100728,2010,7,July,3,Wednesday
2010-07-29,20100729,2010,7,July,3,Thursday
2010-07-30,20100730,2010,7,July,3,Friday
2010-07-31,20100731,2010,7,July,3,Saturday
2010-08-01,20100801,2010,8,August,3,Sunday
2010-08-02,20100802,2010,8,August,3,Monday
2010-08-03,20100803,2010,8,August,3,Tuesday
2010-08-04,20100804,2010,8,August,3,Wednesday
2010-08-05,20100805,2010,8,August,3,Thursday
2010-08-06,20100806,2010,8,August,3,Friday
2010-08-07,20100807,2010,8,August,3,Saturday
2010-08-08,20100808,2010,8,August,3,Sunday
2010-08-09,20100809,2010,8,August,3,Monday
2010-08-10,20100810,2010,8,August,3,Tuesday
2010-08-11,20100811,2010,8,August,3,Wednesday
2010-08-12,20100812,2010,8,August,3,Thursday
2010-08-13,20100813,2010,8,August,3,Friday
2010-08-14,20100814,2010,8,August,3,Saturday
2010-08-15,20100815,2010,8,August,3,Sunday
2010-08-16,20100816,2010,8,August,3,Monday
2010-08-17,20100817,2010,8,August,3,Tuesday
2010-08-18,20100818,2010,8,August,3,Wednesday
2010-08-19,20100819,2010,8,August,3,Thursday
2010-08-20,20100820,2010,8,August,3,Friday
2010-08-21,20100821,2010,8,August,3,Saturday
2010-08-22,20100822,2010,8,August,3,Sunday
2010-08-23,20100823,2010,8,August,3,Monday
2010-08-24,20100824,2010,8,August,3,Tuesday
2010-08-25,20100825,2010,8,August,3,Wednesday
2010-08-26,20100826,2010,8,August,3,Thursday
2010-08-27,20100827,2010,8,August,3,Friday
2010-08-28,20100828,2010,8,August,3,Saturday
2010-08-29,20100829,2010,8,August,3,Sunday
2010-08-30,20100830,2010,8,August,3,Monday
2010-08-31,20100831,2010,8,August,3,Tuesday
2010-09-01,20100901,2010,9,September,3,Wednesday
2010-09-02,20100902,2010,9,September,3,Thursday
2010-09-03,20100903,2010,9,September,3,Friday
2010-09-04,20100904,2010,9,September,3,Saturday
2010-09-05,20100905,2010,9,September,3,Sunday
2010-09-06,20100906,2010,9,September,3,Monday
2010-09-07,20100907,2010,9,September,3,Tuesday
2010-09-08,20100908,2010,9,September,3,Wednesday
2010-09-09,20100909,2010,9,September,3,Thursday
2010-09-10,20100910,2010,9,September,3,Friday
2010-09-11,20100911,2010,9,September,3,Saturday
2010-09-12,20100912,2010,9,September,3,Sunday
2010-09-13,20100913,2010,9,September,3,Monday
2010-09-14,20100914,2010,9,September,3,Tuesday
2010-09-15,20100915,2010,9,September,3,Wednesday
2010-09-16,20100916,2010,9,September,3,Thursday
2010-09-17,20100917,2010,9,September,3,Friday
2010-09-18,20100918,2010,9,September,3,Saturday
2010-09-19,20100919,2010,9,September,3,Sunday
2010-09-20,20100920,2010,9,September,3,Monday
2010-09-21,20100921,2010,9,September,3,Tuesday
2010-09-22,20100922,2010,9,September,3,Wednesday
2010-09-23,20100923,2010,9,September,3,Thursday
2010-09-24,20100924,2010,9,September,3,Friday
2010-09-25,20100925,2010,9,September,3,Saturday
2010-09-26,20100926,2010,9,September,3,Sunday
2010-09-27,20100927,2010,9,September,3,Monday
2010-09-28,20100928,2010,9,September,3,Tuesday
2010-09-29,20100929,2010,9,September,3,Wednesday
2010-09-30,20100930,2010,9,September,3,Thursday
2010-10-01,20101001,2010,10,October,4,Friday
2010-10-02,20101002,2010,10,October,4,Saturday
2010-10-03,20101003,2010,10,October,4,Sunday
2010-10-04,20101004,2010,10,October,4,Monday
2010-10-05,20101005,2010,10,October,4,Tuesday
2010-10-06,20101006,2010,10,October,4,Wednesday
2010-10-07,20101007,2010,10,October,4,Thursday
2010-10-08,20101008,2010,10,October,4,Friday
2010-10-09,20101009,2010,10,October,4,Saturday
2010-10-10,20101010,2010,10,October,4,Sunday
2010-10-11,20101011,2010,10,October,4,Monday
2010-10-12,20101012,2010,10,October,4,Tuesday
2010-10-13,20101013,2010,10,October,4,Wednesday
2010-10-14,20101014,2010,10,October,4,Thursday
2010-10-15,20101015,2010,10,October,4,Friday
2010-10-16,20101016,2010,10,October,4,Saturday
2010-10-17,20101017,2010,10,October,4,Sunday
2010-10-18,20101018,2010,10,October,4,Monday
2010-10-19,20101019,2010,10,October,4,Tuesday
2010-10-20,20101020,2010,10,October,4,Wednesday
2010-10-21,20101021,2010,10,October,4,Thursday
2010-10-22,20101022,2010,10,October,4,Friday
2010-10-23,20101023,2010,10,October,4,Saturday
2010-10-24,20101024,2010,10,October,4,Sunday
2010-10-25,20101025,2010,10,October,4,Monday
2010-10-26,20101026,2010,10,October,4,Tuesday
2010-10-27,20101027,2010,10,October,4,Wednesday
2010-10-28,20101028,2010,10,October,4,Thursday
2010-10-29,20101029,2010,10,October,4,Friday
2010-10-30,20101030,2010,10,October,4,Saturday
2010-10-31,20101031,2010,10,October,4,Sunday
2010-11-01,20101101,2010,11,November,4,Monday
2010-11-02,20101102,2010,11,November,4,Tuesday
2010-11-03,20101103,2010,11,November,4,Wednesday
2010-11-04,20101104,2010,11,November,4,Thursday
2010-11-05,20101105,2010,11,November,4,Friday
2010-11-06,20101106,2010,11,November,4,Saturday
2010-11-07,20101107,2010,11,November,4,Sunday
2010-11-08,20101108,2010,11,November,4,Monday
2010-11-09,20101109,2010,11,November,4,Tuesday
2010-11-10,20101110,2010,11,November,4,Wednesday
2010-11-11,20101111,2010,11,November,4,Thursday
2010-11-12,20101112,2010,11,November,4,Friday
2010-11-13,20101113,2010,11,November,4,Saturday
2010-11-14,20101114,2010,11,November,4,Sunday
2010-11-15,20101115,2010,11,November,4,Monday
2010-11-16,20101116,2010,11,November,4,Tuesday
2010-11-17,20101117,2010,11,November,4,Wednesday
2010-11-18,20101118,2010,11,November,4,Thursday
2010-11-19,20101119,2010,11,November,4,Friday
2010-11-20,20101120,2010,11,November,4,Saturday
2010-11-21,20101121,2010,11,November,4,Sunday
2010-11-22,20101122,2010,11,November,4,Monday
2010-11-23,20101123,2010,11,November,4,Tuesday
2010-11-24,20101124,2010,11,November,4,Wednesday
2010-11-25,20101125,2010,11,November,4,Thursday
2010-11-26,20101126,2010,11,November,4,Friday
2010-11-27,20101127,2010,11,November,4,Saturday
2010-11-28,20101128,2010,11,November,4,Sunday
2010-11-29,20101129,2010,11,November,4,Monday
2010-11-30,20101130,2010,11,November,4,Tuesday
2010-12-01,20101201,2010,12,December,4,Wednesday
2010-12-02,20101202,2010,12,December,4,Thursday
2010-12-03,20101203,2010,12,December,4,Friday
2010-12-04,20101204,2010,12,December,4,Saturday
2010-12-05,20101205,2010,12,December,4,Sunday
2010-12-06,20101206,2010,12,December,4,Monday
2010-12-07,20101207,2010,12,December,4,Tuesday
2010-12-08,20101208,2010,12,December,4,Wednesday
2010-12-09,20101209,2010,12,December,4,Thursday
2010-12-10,20101210,2010,12,December,4,Friday
2010-12-11,20101211,2010,12,December,4,Saturday
2010-12-12,20101212,2010,12,December,4,Sunday
2010-12-13,20101213,2010,12,December,4,Monday
2010-12-14,20101214,2010,12,December,4,Tuesday
2010-12-15,20101215,2010,12,December,4,Wednesday
2010-12-16,20101216,2010,12,December,4,Thursday
2010-12-17,20101217,2010,12,December,4,Friday
2010-12-18,20101218,2010,12,December,4,Saturday
2010-12-19,20101219,2010,12,December,4,Sunday
2010-12-20,20101220,2010,12,December,4,Monday
2010-12-21,20101221,2010,12,December,4,Tuesday
2010-12-22,20101222,2010,12,December,4,Wednesday
2010-12-23,20101223,2010,12,December,4,Thursday
2010-12-24,20101224,2010,12,December,4,Friday
2010-12-25,20101225,2010,12,December,4,Saturday
2010-12-26,20101226,2010,12,December,4,Sunday
2010-12-27,20101227,2010,12,December,4,Monday
2010-12-28,20101228,2010,12,December,4,Tuesday
2010-12-29,20101229,2010,12,December,4,Wednesday
2010-12-30,20101230,2010,12,December,4,Thursday
2010-12-31,20101231,2010,12,December,4,Friday
2011-01-01,20110101,2011,1,January,1,Saturday
2011-01-02,20110102,2011,1,January,1,Sunday
2011-01-03,20110103,2011,1,January,1,Monday
2011-01-04,20110104,2011,1,January,1,Tuesday
2011-01-05,20110105,2011,1,January,1,Wednesday
2011-01-06,20110106,2011,1,January,1,Thursday
2011-01-07,20110107,2011,1,January,1,Friday
2011-01-08,20110108,2011,1,January,1,Saturday
2011-01-09,20110109,2011,1,January,1,Sunday
2011-01-10,20110110,2011,1,January,1,Monday
2011-01-11,20110111,2011,1,January,1,Tuesday
2011-01-12,20110112,2011,1,January,1,Wednesday
2011-01-13,20110113,2011,1,January,1,Thursday
2011-01-14,20110114,2011,1,January,1,Friday
2011-01-15,20110115,2011,1,January,1,Saturday
2011-01-16,20110116,2011,1,January,1,Sunday
2011-01-17,20110117,2011,1,January,1,Monday
2011-01-18,20110118,2011,1,January,1,Tuesday
2011-01-19,20110119,2011,1,January,1,Wednesday
2011-01-20,20110120,2011,1,January,1,Thursday
2011-01-21,20110121,2011,1,January,1,Friday
2011-01-22,20110122,2011,1,January,1,Saturday
2011-01-23,20110123,2011,1,January,1,Sunday
2011-01-24,20110124,2011,1,January,1,Monday
2011-01-25,20110125,2011,1,January,1,Tuesday
2011-01-26,20110126,2011,1,January,1,Wednesday
2011-01-27,20110127,2011,1,January,1,Thursday
2011-01-28,20110128,2011,1,January,1,Friday
2011-01-29,20110129,2011,1,January,1,Saturday
2011-01-30,20110130,2011,1,January,1,Sunday
2011-01-31,20110131,2011,1,January,1,Monday
2011-02-01,20110201,2011,2,February,1,Tuesday
2011-02-02,20110202,2011,2,February,1,Wednesday
2011-02-03,20110203,2011,2,February,1,Thursday
2011-02-04,20110204,2011,2,February,1,Friday
2011-02-05,20110205,2011,2,February,1,Saturday
2011-02-06,20110206,2011,2,February,1,Sunday
2011-02-07,20110207,2011,2,February,1,Monday
2011-02-08,20110208,2011,2,February,1,Tuesday
2011-02-09,20110209,2011,2,February,1,Wednesday
2011-02-10,20110210,2011,2,February,1,Thursday
2011-02-11,20110211,2011,2,February,1,Friday
2011-02-12,20110212,2011,2,February,1,Saturday
2011-02-13,20110213,2011,2,February,1,Sunday
2011-02-14,20110214,2011,2,February,1,Monday
2011-02-15,20110215,2011,2,February,1,Tuesday
2011-02-16,20110216,2011,2,February,1,Wednesday
2011-02-17,20110217,2011,2,February,1,Thursday
2011-02-18,20110218,2011,2,February,1,Friday
2011-02-19,20110219,2011,2,February,1,Saturday
2011-02-20,20110220,2011,2,February,1,Sunday
2011-02-21,20110221,2011,2,February,1,Monday
2011-02-22,20110222,2011,2,February,1,Tuesday
2011-02-23,20110223,2011,2,February,1,Wednesday
2011-02-24,20110224,2011,2,February,1,Thursday
2011-02-25,20110225,2011,2,February,1,Friday
2011-02-26,20110226,2011,2,February,1,Saturday
2011-02-27,20110227,2011,2,February,1,Sunday
2011-02-28,20110228,2011,2,February,1,Monday
2011-03-01,20110301,2011,3,March,1,Tuesday
2011-03-02,20110302,2011,3,March,1,Wednesday
2011-03-03,20110303,2011,3,March,1,Thursday
2011-03-04,20110304,2011,3,March,1,Friday
2011-03-05,20110305,2011,3,March,1,Saturday
2011-03-06,20110306,2011,3,March,1,Sunday
2011-03-07,20110307,2011,3,March,1,Monday
2011-03-08,20110308,2011,3,March,1,Tuesday
2011-03-09,20110309,2011,3,March,1,Wednesday
2011-03-10,20110310,2011,3,March,1,Thursday
2011-03-11,20110311,2011,3,March,1,Friday
2011-03-12,20110312,2011,3,March,1,Saturday
2011-03-13,20110313,2011,3,March,1,Sunday
2011-03-14,20110314,2011,3,March,1,Monday
2011-03-15,20110315,2011,3,March,1,Tuesday
2011-03-16,20110316,2011,3,March,1,Wednesday
2011-03-17,20110317,2011,3,March,1,Thursday
2011-03-18,20110318,2011,3,March,1,Friday
2011-03-19,20110319,2011,3,March,1,Saturday
2011-03-20,20110320,2011,3,March,1,Sunday
2011-03-21,20110321,2011,3,March,1,Monday
2011-03-22,20110322,2011,3,March,1,Tuesday
2011-03-23,20110323,2011,3,March,1,Wednesday
2011-03-24,20110324,2011,3,March,1,Thursday
2011-03-25,20110325,2011,3,March,1,Friday
2011-03-26,20110326,2011,3,March,1,Saturday
2011-03-27,20110327,2011,3,March,1,Sunday
2011-03-28,20110328,2011,3,March,1,Monday
2011-03-29,20110329,2011,3,March,1,Tuesday
2011-03-30,20110330,2011,3,March,1,Wednesday
2011-03-31,20110331,2011,3,March,1,Thursday
2011-04-01,20110401,2011,4,April,2,Friday
2011-04-02,20110402,2011,4,April,2,Saturday
2011-04-03,20110403,2011,4,April,2,Sunday
2011-04-04,20110404,2011,4,April,2,Monday
2011-04-05,20110405,2011,4,April,2,Tuesday
2011-04-06,20110406,2011,4,April,2,Wednesday
2011-04-07,20110407,2011,4,April,2,Thursday
2011-04-08,20110408,2011,4,April,2,Friday
2011-04-09,20110409,2011,4,April,2,Saturday
2011-04-10,20110410,2011,4,April,2,Sunday
2011-04-11,20110411,2011,4,April,2,Monday
2011-04-12,20110412,2011,4,April,2,Tuesday
2011-04-13,20110413,2011,4,April,2,Wednesday
2011-04-14,20110414,2011,4,April,2,Thursday
2011-04-15,20110415,2011,4,April,2,Friday
2011-04-16,20110416,2011,4,April,2,Saturday
2011-04-17,20110417,2011,4,April,2,Sunday
2011-04-18,20110418,2011,4,April,2,Monday
2011-04-19,20110419,2011,4,April,2,Tuesday
2011-04-20,20110420,2011,4,April,2,Wednesday
2011-04-21,20110421,2011,4,April,2,Thursday
2011-04-22,20110422,2011,4,April,2,Friday
2011-04-23,20110423,2011,4,April,2,Saturday
2011-04-24,20110424,2011,4,April,2,Sunday
2011-04-25,20110425,2011,4,April,2,Monday
2011-04-26,20110426,2011,4,April,2,Tuesday
2011-04-27,20110427,2011,4,April,2,Wednesday
2011-04-28,20110428,2011,4,April,2,Thursday
2011-04-29,20110429,2011,4,April,2,Friday
2011-04-30,20110430,2011,4,April,2,Saturday
2011-05-01,20110501,2011,5,May,2,Sunday
2011-05-02,20110502,2011,5,May,2,Monday
2011-05-03,20110503,2011,5,May,2,Tuesday
2011-05-04,20110504,2011,5,May,2,Wednesday
2011-05-05,20110505,2011,5,May,2,Thursday
2011-05-06,20110506,2011,5,May,2,Friday
2011-05-07,20110507,2011,5,May,2,Saturday
2011-05-08,20110508,2011,5,May,2,Sunday
2011-05-09,20110509,2011,5,May,2,Monday
2011-05-10,20110510,2011,5,May,2,Tuesday
2011-05-11,20110511,2011,5,May,2,Wednesday
2011-05-12,20110512,2011,5,May,2,Thursday
2011-05-13,20110513,2011,5,May,2,Friday
2011-05-14,20110514,2011,5,May,2,Saturday
2011-05-15,20110515,2011,5,May,2,Sunday
2011-05-16,20110516,2011,5,May,2,Monday
2011-05-17,20110517,2011,5,May,2,Tuesday
2011-05-18,20110518,2011,5,May,2,Wednesday
2011-05-19,20110519,2011,5,May,2,Thursday
2011-05-20,20110520,2011,5,May,2,Friday
2011-05-21,20110521,2011,5,May,2,Saturday
2011-05-22,20110522,2011,5,May,2,Sunday
2011-05-23,20110523,2011,5,May,2,Monday
2011-05-24,20110524,2011,5,May,2,Tuesday
2011-05-25,20110525,2011,5,May,2,Wednesday
2011-05-26,20110526,2011,5,May,2,Thursday
2011-05-27,20110527,2011,5,May,2,Friday
2011-05-28,20110528,2011,5,May,2,Saturday
2011-05-29,20110529,2011,5,May,2,Sunday
2011-05-30,20110530,2011,5,May,2,Monday
2011-05-31,20110531,2011,5,May,2,Tuesday
2011-06-01,20110601,2011,6,June,2,Wednesday
2011-06-02,20110602,2011,6,June,2,Thursday
2011-06-03,20110603,2011,6,June,2,Friday
2011-06-04,20110604,2011,6,June,2,Saturday
2011-06-05,20110605,2011,6,June,2,Sunday
2011-06-06,20110606,2011,6,June,2,Monday
2011-06-07,20110607,2011,6,June,2,Tuesday
2011-06-08,20110608,2011,6,June,2,Wednesday
2011-06-09,20110609,2011,6,June,2,Thursday
2011-06-10,20110610,2011,6,June,2,Friday
2011-06-11,20110611,2011,6,June,2,Saturday
2011-06-12,20110612,2011,6,June,2,Sunday
2011-06-13,20110613,2011,6,June,2,Monday
2011-06-14,20110614,2011,6,June,2,Tuesday
2011-06-15,20110615,2011,6,June,2,Wednesday
2011-06-16,20110616,2011,6,June,2,Thursday
2011-06-17,20110617,2011,6,June,2,Friday
2011-06-18,20110618,2011,6,June,2,Saturday
2011-06-19,20110619,2011,6,June,2,Sunday
2011-06-20,20110620,2011,6,June,2,Monday
2011-06-21,20110621,2011,6,June,2,Tuesday
2011-06-22,20110622,2011,6,June,2,Wednesday
2011-06-23,20110623,2011,6,June,2,Thursday
2011-06-24,20110624,2011,6,June,2,Friday
2011-06-25,20110625,2011,6,June,2,Saturday
2011-06-26,20110626,2011,6,June,2,Sunday
2011-06-27,20110627,2011,6,June,2,Monday
2011-06-28,20110628,2011,6,June,2,Tuesday
2011-06-29,20110629,2011,6,June,2,Wednesday
2011-06-30,20110630,2011,6,June,2,Thursday
2011-07-01,20110701,2011,7,July,3,Friday
2011-07-02,20110702,2011,7,July,3,Saturday
2011-07-03,20110703,2011,7,July,3,Sunday
2011-07-04,20110704,2011,7,July,3,Monday
2011-07-05,20110705,2011,7,July,3,Tuesday
2011-07-06,20110706,2011,7,July,3,Wednesday
2011-07-07,20110707,2011,7,July,3,Thursday
2011-07-08,20110708,2011,7,July,3,Friday
2011-07-09,20110709,2011,7,July,3,Saturday
2011-07-10,20110710,2011,7,July,3,Sunday
2011-07-11,20110711,2011,7,July,3,Monday
2011-07-12,20110712,2011,7,July,3,Tuesday
2011-07-13,20110713,2011,7,July,3,Wednesday
2011-07-14,20110714,2011,7,July,3,Thursday
2011-07-15,20110715,2011,7,July,3,Friday
2011-07-16,20110716,2011,7,July,3,Saturday
2011-07-17,20110717,2011,7,July,3,Sunday
2011-07-18,20110718,2011,7,July,3,Monday
2011-07-19,20110719,2011,7,July,3,Tuesday
2011-07-20,20110720,2011,7,July,3,Wednesday
2011-07-21,20110721,2011,7,July,3,Thursday
2011-07-22,20110722,2011,7,July,3,Friday
2011-07-23,20110723,2011,7,July,3,Saturday
2011-07-24,20110724,2011,7,July,3,Sunday
2011-07-25,20110725,2011,7,July,3,Monday
2011-07-26,20110726,2011,7,July,3,Tuesday
2011-07-27,20110727,2011,7,July,3,Wednesday
2011-07-28,20110728,2011,7,July,3,Thursday
2011-07-29,20110729,2011,7,July,3,Friday
2011-07-30,20110730,2011,7,July,3,Saturday
2011-07-31,20110731,2011,7,July,3,Sunday
2011-08-01,20110801,2011,8,August,3,Monday
2011-08-02,20110802,2011,8,August,3,Tuesday
2011-08-03,20110803,2011,8,August,3,Wednesday
2011-08-04,20110804,2011,8,August,3,Thursday
2011-08-05,20110805,2011,8,August,3,Friday
2011-08-06,20110806,2011,8,August,3,Saturday
2011-08-07,20110807,2011,8,August,3,Sunday
2011-08-08,20110808,2011,8,August,3,Monday
2011-08-09,20110809,2011,8,August,3,Tuesday
2011-08-10,20110810,2011,8,August,3,Wednesday
2011-08-11,20110811,2011,8,August,3,Thursday
2011-08-12,20110812,2011,8,August,3,Friday
2011-08-13,20110813,2011,8,August,3,Saturday
2011-08-14,20110814,2011,8,August,3,Sunday
2011-08-15,20110815,2011,8,August,3,Monday
2011-08-16,20110816,2011,8,August,3,Tuesday
2011-08-17,20110817,2011,8,August,3,Wednesday
2011-08-18,20110818,2011,8,August,3,Thursday
2011-08-19,20110819,2011,8,August,3,Friday
2011-08-20,20110820,2011,8,August,3,Saturday
2011-08-21,20110821,2011,8,August,3,Sunday
2011-08-22,20110822,2011,8,August,3,Monday
2011-08-23,20110823,2011,8,August,3,Tuesday
2011-08-24,20110824,2011,8,August,3,Wednesday
2011-08-25,20110825,2011,8,August,3,Thursday
2011-08-26,20110826,2011,8,August,3,Friday
2011-08-27,20110827,2011,8,August,3,Saturday
2011-08-28,20110828,2011,8,August,3,Sunday
2011-08-29,20110829,2011,8,August,3,Monday
2011-08-30,20110830,2011,8,August,3,Tuesday
2011-08-31,20110831,2011,8,August,3,Wednesday
2011-09-01,20110901,2011,9,September,3,Thursday
2011-09-02,20110902,2011,9,September,3,Friday
2011-09-03,20110903,2011,9,September,3,Saturday
2011-09-04,20110904,2011,9,September,3,Sunday
2011-09-05,20110905,2011,9,September,3,Monday
2011-09-06,20110906,2011,9,September,3,Tuesday
2011-09-07,20110907,2011,9,September,3,Wednesday
2011-09-08,20110908,2011,9,September,3,Thursday
2011-09-09,20110909,2011,9,September,3,Friday
2011-09-10,20110910,2011,9,September,3,Saturday
2011-09-11,20110911,2011,9,September,3,Sunday
2011-09-12,20110912,2011,9,September,3,Monday
2011-09-13,20110913,2011,9,September,3,Tuesday
2011-09-14,20110914,2011,9,September,3,Wednesday
2011-09-15,20110915,2011,9,September,3,Thursday
2011-09-16,20110916,2011,9,September,3,Friday
2011-09-17,20110917,2011,9,September,3,Saturday
2011-09-18,20110918,2011,9,September,3,Sunday
2011-09-19,20110919,2011,9,September,3,Monday
2011-09-20,20110920,2011,9,September,3,Tuesday
2011-09-21,20110921,2011,9,September,3,Wednesday
2011-09-22,20110922,2011,9,September,3,Thursday
2011-09-23,20110923,2011,9,September,3,Friday
2011-09-24,20110924,2011,9,September,3,Saturday
2011-09-25,20110925,2011,9,September,3,Sunday
2011-09-26,20110926,2011,9,September,3,Monday
2011-09-27,20110927,2011,9,September,3,Tuesday
2011-09-28,20110928,2011,9,September,3,Wednesday
2011-09-29,20110929,2011,9,September,3,Thursday
2011-09-30,20110930,2011,9,September,3,Friday
2011-10-01,20111001,2011,10,October,4,Saturday
2011-10-02,20111002,2011,10,October,4,Sunday
2011-10-03,20111003,2011,10,October,4,Monday
2011-10-04,20111004,2011,10,October,4,Tuesday
2011-10-05,20111005,2011,10,October,4,Wednesday
2011-10-06,20111006,2011,10,October,4,Thursday
2011-10-07,20111007,2011,10,October,4,Friday
2011-10-08,20111008,2011,10,October,4,Saturday
2011-10-09,20111009,2011,10,October,4,Sunday
2011-10-10,20111010,2011,10,October,4,Monday
2011-10-11,20111011,2011,10,October,4,Tuesday
2011-10-12,20111012,2011,10,October,4,Wednesday
2011-10-13,20111013,2011,10,October,4,Thursday
2011-10-14,20111014,2011,10,October,4,Friday
2011-10-15,20111015,2011,10,October,4,Saturday
2011-10-16,20111016,2011,10,October,4,Sunday
2011-10-17,20111017,2011,10,October,4,Monday
2011-10-18,20111018,2011,10,October,4,Tuesday
2011-10-19,20111019,2011,10,October,4,Wednesday
2011-10-20,20111020,2011,10,October,4,Thursday
2011-10-21,20111021,2011,10,October,4,Friday
2011-10-22,20111022,2011,10,October,4,Saturday
2011-10-23,20111023,2011,10,October,4,Sunday
2011-10-24,20111024,2011,10,October,4,Monday
2011-10-25,20111025,2011,10,October,4,Tuesday
2011-10-26,20111026,2011,10,October,4,Wednesday
2011-10-27,20111027,2011,10,October,4,Thursday
2011-10-28,20111028,2011,10,October,4,Friday
2011-10-29,20111029,2011,10,October,4,Saturday
2011-10-30,20111030,2011,10,October,4,Sunday
2011-10-31,20111031,2011,10,October,4,Monday
2011-11-01,20111101,2011,11,November,4,Tuesday
2011-11-02,20111102,2011,11,November,4,Wednesday
2011-11-03,20111103,2011,11,November,4,Thursday
2011-11-04,20111104,2011,11,November,4,Friday
2011-11-05,20111105,2011,11,November,4,Saturday
2011-11-06,20111106,2011,11,November,4,Sunday
2011-11-07,20111107,2011,11,November,4,Monday
2011-11-08,20111108,2011,11,November,4,Tuesday
2011-11-09,20111109,2011,11,November,4,Wednesday
2011-11-10,20111110,2011,11,November,4,Thursday
2011-11-11,20111111,2011,11,November,4,Friday
2011-11-12,20111112,2011,11,November,4,Saturday
2011-11-13,20111113,2011,11,November,4,Sunday
2011-11-14,20111114,2011,11,November,4,Monday
2011-11-15,20111115,2011,11,November,4,Tuesday
2011-11-16,20111116,2011,11,November,4,Wednesday
2011-11-17,20111117,2011,11,November,4,Thursday
2011-11-18,20111118,2011,11,November,4,Friday
2011-11-19,20111119,2011,11,November,4,Saturday
2011-11-20,20111120,2011,11,November,4,Sunday
2011-11-21,20111121,2011,11,November,4,Monday
2011-11-22,20111122,2011,11,November,4,Tuesday
2011-11-23,20111123,2011,11,November,4,Wednesday
2011-11-24,20111124,2011,11,November,4,Thursday
2011-11-25,20111125,2011,11,November,4,Friday
2011-11-26,20111126,2011,11,November,4,Saturday
2011-11-27,20111127,2011,11,November,4,Sunday
2011-11-28,20111128,2011,11,November,4,Monday
2011-11-29,20111129,2011,11,November,4,Tuesday
2011-11-30,20111130,2011,11,November,4,Wednesday
2011-12-01,20111201,2011,12,December,4,Thursday
2011-12-02,20111202,2011,12,December,4,Friday
2011-12-03,20111203,2011,12,December,4,Saturday
2011-12-04,20111204,2011,12,December,4,Sunday
2011-12-05,20111205,2011,12,December,4,Monday
2011-12-06,20111206,2011,12,December,4,Tuesday
2011-12-07,20111207,2011,12,December,4,Wednesday
2011-12-08,20111208,2011,12,December,4,Thursday
2011-12-09,20111209,2011,12,December,4,Friday
